Number page, Name, Image, Current cost, Old cost1, //images.biggeek.ru/1/435/3e93/18503-63Deeppurple.jpg, Apple iPhone 14 Pro Max 128GB (Тёмно-фиолетовый | Deep Purple), от 107 990 ₽, 122 990
1, //images.biggeek.ru/1/435/57e9/18487-421Deeppurple.jpg, Apple iPhone 14 Pro 128GB (Тёмно-фиолетовый | Deep Purple), от 99 490 ₽, 113 990
1, //images.biggeek.ru/1/435/1a0d/18471-601Blue.jpg, Apple iPhone 14 Plus 128GB (Синий | Blue), 77 990 ₽, 78 990
1, //images.biggeek.ru/1/435/b335/18456-487Blue.jpg, Apple iPhone 14 128GB (Синий | Blue), от 66 990 ₽, 80 990
1, //images.biggeek.ru/1/435/9859/14723-653Blue.jpg, Apple iPhone 13 Pro Max 128GB (Небесно-голубой | Sierra Blue), 105 990 ₽, 117 990
1, //images.biggeek.ru/1/435/a6dd/14707-47BLue.jpg, Apple iPhone 13 Pro 128GB (Небесно-голубой | Sierra Blue), 102 990 ₽, 
1, //images.biggeek.ru/1/435/01ff/14677-597Pink.jpg, Apple iPhone 13 mini 128GB (Розовый | Pink), 72 990 ₽, 
1, //images.biggeek.ru/1/435/712e/11340-755black.jpeg, Apple iPhone SE (2020) 64GB (Чёрный | Black), 30 990 ₽, 37 990
1, //images.biggeek.ru/1/435/a296/9913-898bigeek_image4.jpeg, Apple iPhone 11 64GB (Чёрный | Black), 44 990 ₽, 47 490
1, //images.biggeek.ru/1/435/669a/22678-753t_natural.jpg, Apple iPhone 15 Pro 128GB («Натуральный титан» | Natural Titanium), от 107 990 ₽, 140 990
1, //images.biggeek.ru/1/435/2525/22663-981Blue.jpg, Apple iPhone 15 Plus 128GB (Голубой | Blue), от 83 990 ₽, 122 990
1, //images.biggeek.ru/1/435/03e4/22648-726Blue.jpg, Apple iPhone 15 128GB (Голубой | Blue), от 78 990 ₽, 99 990
1, //images.biggeek.ru/1/435/3950/18504-15Gold.jpg, Apple iPhone 14 Pro Max 128GB (Золотой | Gold), от 112 990 ₽, 125 990
1, //images.biggeek.ru/1/435/283a/18488-306Gold.jpg, Apple iPhone 14 Pro 128GB (Золотой | Gold), от 98 990 ₽, 115 990
1, //images.biggeek.ru/1/435/4aa3/18472-626Purple.jpg, Apple iPhone 14 Plus 128GB (Фиолетовый | Purple), от 72 990 ₽, 91 990
1, //images.biggeek.ru/1/435/375f/18457-700Purple.jpg, Apple iPhone 14 128GB (Фиолетовый | Purple), от 66 990 ₽, 80 990
1, //images.biggeek.ru/1/435/6cb0/16271-683Midnight.jpg, Apple iPhone SE (2022) 64GB («Тёмная ночь» | Midnight), 38 990 ₽, 
1, //images.biggeek.ru/1/435/83ac/14724-97Silver.jpg, Apple iPhone 13 Pro Max 128GB (Серебристый | Silver), 105 990 ₽, 117 990
1, //images.biggeek.ru/1/435/878e/14708-820Silver.jpg, Apple iPhone 13 Pro 128GB (Серебристый | Silver), 102 990 ₽, 106 990
1, //images.biggeek.ru/1/435/7239/14692-638Pink.jpg, Apple iPhone 13 128GB (Розовый | Pink), 59 990 ₽, 68 990
1, //images.biggeek.ru/1/435/6402/14678-432Blue.jpg, Apple iPhone 13 mini 128GB (Синий | Blue), 72 990 ₽, 
1, //images.biggeek.ru/1/435/4441/12427-883photo_2020-10-21 15.13.09.jpeg, Apple iPhone 12 64GB (Чёрный | Black), 45 990 ₽, 58 990
1, //images.biggeek.ru/1/435/4bdc/12412-580bigeek_image6.jpeg, Apple iPhone 12 mini 64GB (Чёрный | Black), 52 990 ₽, 
1, //images.biggeek.ru/1/435/a3c7/11339-777white.jpeg, Apple iPhone SE (2020) 64GB (Белый | White), 30 990 ₽, 37 990
2, //images.biggeek.ru/1/435/3e93/18503-63Deeppurple.jpg, Apple iPhone 14 Pro Max 128GB (Тёмно-фиолетовый | Deep Purple), от 107 990 ₽, 122 990
2, //images.biggeek.ru/1/435/57e9/18487-421Deeppurple.jpg, Apple iPhone 14 Pro 128GB (Тёмно-фиолетовый | Deep Purple), от 99 490 ₽, 113 990
2, //images.biggeek.ru/1/435/1a0d/18471-601Blue.jpg, Apple iPhone 14 Plus 128GB (Синий | Blue), 77 990 ₽, 78 990
2, //images.biggeek.ru/1/435/b335/18456-487Blue.jpg, Apple iPhone 14 128GB (Синий | Blue), от 66 990 ₽, 80 990
2, //images.biggeek.ru/1/435/9859/14723-653Blue.jpg, Apple iPhone 13 Pro Max 128GB (Небесно-голубой | Sierra Blue), 105 990 ₽, 117 990
2, //images.biggeek.ru/1/435/a6dd/14707-47BLue.jpg, Apple iPhone 13 Pro 128GB (Небесно-голубой | Sierra Blue), 102 990 ₽, 
2, //images.biggeek.ru/1/435/01ff/14677-597Pink.jpg, Apple iPhone 13 mini 128GB (Розовый | Pink), 72 990 ₽, 
2, //images.biggeek.ru/1/435/712e/11340-755black.jpeg, Apple iPhone SE (2020) 64GB (Чёрный | Black), 30 990 ₽, 37 990
2, //images.biggeek.ru/1/435/a296/9913-898bigeek_image4.jpeg, Apple iPhone 11 64GB (Чёрный | Black), 44 990 ₽, 47 490
2, //images.biggeek.ru/1/435/669a/22678-753t_natural.jpg, Apple iPhone 15 Pro 128GB («Натуральный титан» | Natural Titanium), от 107 990 ₽, 140 990
2, //images.biggeek.ru/1/435/2525/22663-981Blue.jpg, Apple iPhone 15 Plus 128GB (Голубой | Blue), от 83 990 ₽, 122 990
2, //images.biggeek.ru/1/435/03e4/22648-726Blue.jpg, Apple iPhone 15 128GB (Голубой | Blue), от 78 990 ₽, 99 990
2, //images.biggeek.ru/1/435/3950/18504-15Gold.jpg, Apple iPhone 14 Pro Max 128GB (Золотой | Gold), от 112 990 ₽, 125 990
2, //images.biggeek.ru/1/435/283a/18488-306Gold.jpg, Apple iPhone 14 Pro 128GB (Золотой | Gold), от 98 990 ₽, 115 990
2, //images.biggeek.ru/1/435/4aa3/18472-626Purple.jpg, Apple iPhone 14 Plus 128GB (Фиолетовый | Purple), от 72 990 ₽, 91 990
2, //images.biggeek.ru/1/435/375f/18457-700Purple.jpg, Apple iPhone 14 128GB (Фиолетовый | Purple), от 66 990 ₽, 80 990
2, //images.biggeek.ru/1/435/6cb0/16271-683Midnight.jpg, Apple iPhone SE (2022) 64GB («Тёмная ночь» | Midnight), 38 990 ₽, 
2, //images.biggeek.ru/1/435/83ac/14724-97Silver.jpg, Apple iPhone 13 Pro Max 128GB (Серебристый | Silver), 105 990 ₽, 117 990
2, //images.biggeek.ru/1/435/878e/14708-820Silver.jpg, Apple iPhone 13 Pro 128GB (Серебристый | Silver), 102 990 ₽, 106 990
2, //images.biggeek.ru/1/435/7239/14692-638Pink.jpg, Apple iPhone 13 128GB (Розовый | Pink), 59 990 ₽, 68 990
2, //images.biggeek.ru/1/435/6402/14678-432Blue.jpg, Apple iPhone 13 mini 128GB (Синий | Blue), 72 990 ₽, 
2, //images.biggeek.ru/1/435/4441/12427-883photo_2020-10-21 15.13.09.jpeg, Apple iPhone 12 64GB (Чёрный | Black), 45 990 ₽, 58 990
2, //images.biggeek.ru/1/435/4bdc/12412-580bigeek_image6.jpeg, Apple iPhone 12 mini 64GB (Чёрный | Black), 52 990 ₽, 
2, //images.biggeek.ru/1/435/a3c7/11339-777white.jpeg, Apple iPhone SE (2020) 64GB (Белый | White), 30 990 ₽, 37 990
3, //images.biggeek.ru/1/435/86aa/9919-637bigeek_image4.jpeg, Apple iPhone 11 128GB (Чёрный | Black), 50 990 ₽, 51 990
3, //images.biggeek.ru/1/435/349f/22679-463t_blue.jpg, Apple iPhone 15 Pro 128GB («Синий титан» | Blue Titanium), от 107 990 ₽, 134 990
3, //images.biggeek.ru/1/435/7156/22664-866Pink.jpg, Apple iPhone 15 Plus 128GB (Розовый | Pink), от 83 990 ₽, 115 990
3, //images.biggeek.ru/1/435/d1d3/22649-97Pink.jpg, Apple iPhone 15 128GB (Розовый | Pink), от 76 990 ₽, 99 990
3, //images.biggeek.ru/1/435/bedb/18505-674Silver.jpg, Apple iPhone 14 Pro Max 128GB (Серебристый | Silver), от 106 990 ₽, 122 990
3, //images.biggeek.ru/1/435/8166/18489-999Silver.jpg, Apple iPhone 14 Pro 128GB (Серебристый | Silver), от 99 490 ₽, 115 990
3, //images.biggeek.ru/1/435/853a/18473-376Midnight.jpg, Apple iPhone 14 Plus 128GB («Тёмная ночь» | Midnight), от 72 990 ₽, 91 990
3, //images.biggeek.ru/1/435/a32d/18458-153Midnight.jpg, Apple iPhone 14 128GB («Тёмная ночь» | Midnight), от 62 990 ₽, 80 990
3, //images.biggeek.ru/1/435/61dc/16272-14Starlight.jpg, Apple iPhone SE (2022) 64GB («Сияющая звезда» | Starlight), 38 990 ₽, 
3, //images.biggeek.ru/1/435/9811/14725-568Gold.jpg, Apple iPhone 13 Pro Max 128GB (Золотой | Gold), 105 990 ₽, 117 990
3, //images.biggeek.ru/1/435/5c90/14709-510Gold.jpg, Apple iPhone 13 Pro 128GB (Золотой | Gold), 102 990 ₽, 106 990
3, //images.biggeek.ru/1/435/657a/14693-756Blue.jpg, Apple iPhone 13 128GB (Синий | Blue), 59 990 ₽, 67 990
3, //images.biggeek.ru/1/435/54f9/14679-503Midnight.jpg, Apple iPhone 13 mini 128GB («Тёмная ночь» | Midnight), 72 990 ₽, 
3, //images.biggeek.ru/1/435/eece/12428-811photo_2020-10-21 15.13.04.jpeg, Apple iPhone 12 64GB (Белый | White), 44 990 ₽, 49 990
3, //images.biggeek.ru/1/435/fce5/12413-257bigeek_image4.jpeg, Apple iPhone 12 mini 64GB (Белый | White), 52 990 ₽, 
3, //images.biggeek.ru/1/435/369e/11341-159red.jpeg, Apple iPhone SE (2020) 64GB (PRODUCT)RED, 30 990 ₽, 37 990
3, //images.biggeek.ru/1/435/b3af/9925-595bigeek_image4.jpeg, Apple iPhone 11 256GB (Чёрный | Black), 59 990 ₽, 
3, //images.biggeek.ru/1/435/06ab/22680-177t_white.jpg, Apple iPhone 15 Pro 128GB («Белый титан» | White Titanium), от 107 990 ₽, 140 990
3, //images.biggeek.ru/1/435/65bf/22665-307Yellow.jpg, Apple iPhone 15 Plus 128GB (Жёлтый | Yellow), от 83 990 ₽, 115 990
3, //images.biggeek.ru/1/435/be2b/22650-458Yellow.jpg, Apple iPhone 15 128GB (Жёлтый | Yellow), от 76 990 ₽, 99 990
3, //images.biggeek.ru/1/435/f525/18506-838Spaceblack.jpg, Apple iPhone 14 Pro Max 128GB («Чёрный космос» | Space Black), от 106 990 ₽, 127 990
3, //images.biggeek.ru/1/435/54a2/18490-420Spaceblack.jpg, Apple iPhone 14 Pro 128GB («Чёрный космос» | Space Black), от 96 990 ₽, 119 990
3, //images.biggeek.ru/1/435/bf0a/18474-377Starlight.jpg, Apple iPhone 14 Plus 128GB («Сияющая звезда» | Starlight), 79 990 ₽, 88 990
3, //images.biggeek.ru/1/435/0013/18459-530Starlight.jpg, Apple iPhone 14 128GB («Сияющая звезда» | Starlight), от 66 990 ₽, 80 990
4, //images.biggeek.ru/1/435/a7d8/16273-40Productred.jpg, Apple iPhone SE (2022) 64GB (PRODUCT)RED, 38 990 ₽, 
4, //images.biggeek.ru/1/435/7898/14726-537Space.jpg, Apple iPhone 13 Pro Max 128GB (Графитовый | Graphite), 105 990 ₽, 117 990
4, //images.biggeek.ru/1/435/4f5d/14710-128Space.jpg, Apple iPhone 13 Pro 128GB (Графитовый | Graphite), 102 990 ₽, 107 990
4, //images.biggeek.ru/1/435/0caf/14694-384Midnight.jpg, Apple iPhone 13 128GB («Тёмная ночь» | Midnight), 59 990 ₽, 68 990
4, //images.biggeek.ru/1/435/12a0/14680-720Starlight.jpg, Apple iPhone 13 mini 128GB («Сияющая звезда» | Starlight), 72 990 ₽, 
4, //images.biggeek.ru/1/435/faff/12429-255photo_2020-10-21 15.13.21.jpeg, Apple iPhone 12 64GB (Синий | Blue), 45 990 ₽, 57 990
4, //images.biggeek.ru/1/435/6992/12414-535bigeek_image3.jpeg, Apple iPhone 12 mini 64GB (Синий | Blue), 52 990 ₽, 
4, //images.biggeek.ru/1/435/1582/11343-148black.jpeg, Apple iPhone SE (2020) 128GB (Чёрный | Black), 35 490 ₽, 41 990
4, //images.biggeek.ru/1/435/f99d/9912-788bigeek_image8.jpeg, Apple iPhone 11 64GB (Белый | White), 44 990 ₽, 
4, //images.biggeek.ru/1/435/9b3d/22681-159t_black.jpg, Apple iPhone 15 Pro 128GB («Чёрный титан» | Black Titanium), от 107 990 ₽, 136 990
4, //images.biggeek.ru/1/435/a8fe/22666-277Green.jpg, Apple iPhone 15 Plus 128GB (Зелёный | Green), от 83 990 ₽, 115 990
4, //images.biggeek.ru/1/435/5790/22651-345Green.jpg, Apple iPhone 15 128GB (Зелёный | Green), от 81 990 ₽, 99 990
4, //images.biggeek.ru/1/435/2395/18507-808Deeppurple.jpg, Apple iPhone 14 Pro Max 256GB (Тёмно-фиолетовый | Deep Purple), от 111 990 ₽, 140 990
4, //images.biggeek.ru/1/435/a25b/18491-412Deeppurple.jpg, Apple iPhone 14 Pro 256GB (Тёмно-фиолетовый | Deep Purple), от 105 990 ₽, 125 990
4, //images.biggeek.ru/1/435/a782/18475-668Red.jpg, Apple iPhone 14 Plus 128GB (PRODUCT)RED, от 71 990 ₽, 91 990
4, //images.biggeek.ru/1/435/a312/18460-762Red.jpg, Apple iPhone 14 128GB (PRODUCT)RED, от 69 990 ₽, 80 990
4, //images.biggeek.ru/1/435/55cc/16274-214Midnight.jpg, Apple iPhone SE (2022) 128GB («Тёмная ночь» | Midnight), 44 990 ₽, 46 990
4, //images.biggeek.ru/1/435/692b/14727-750Blue.jpg, Apple iPhone 13 Pro Max 256GB (Небесно-голубой | Sierra Blue), 118 990 ₽, 139 990
4, //images.biggeek.ru/1/435/eb11/14711-433BLue.jpg, Apple iPhone 13 Pro 256GB (Небесно-голубой | Sierra Blue), 110 990 ₽, 112 990
4, //images.biggeek.ru/1/435/abaa/14695-353Starlight.jpg, Apple iPhone 13 128GB («Сияющая звезда» | Starlight), 59 990 ₽, 68 990
4, //images.biggeek.ru/1/435/5898/14681-70Red.jpg, Apple iPhone 13 mini 128GB (PRODUCT)RED, 74 990 ₽, 
4, //images.biggeek.ru/1/435/aa3f/12430-862photo_2020-10-21 15.13.17.jpeg, Apple iPhone 12 64GB (Зелёный | Green), 45 990 ₽, 51 990
4, //images.biggeek.ru/1/435/c268/12415-828bigeek_image5.jpeg, Apple iPhone 12 mini 64GB (Зелёный | Green), 52 990 ₽, 
4, //images.biggeek.ru/1/435/91cd/11342-817white.jpeg, Apple iPhone SE (2020) 128GB (Белый | White), 35 490 ₽, 41 990
5, //images.biggeek.ru/1/435/03e0/9918-228bigeek_image8.jpeg, Apple iPhone 11 128GB (Белый | White), 51 990 ₽, 
5, //images.biggeek.ru/1/435/e97a/22698-93t_natural.jpg, Apple iPhone 15 Pro Max 256GB («Натуральный титан» | Natural Titanium), от 126 990 ₽, 174 990
5, //images.biggeek.ru/1/435/ebf1/22682-897t_natural.jpg, Apple iPhone 15 Pro 256GB («Натуральный титан» | Natural Titanium), от 117 990 ₽, 154 990
5, //images.biggeek.ru/1/435/8f64/22667-248Grey.jpg, Apple iPhone 15 Plus 128GB (Чёрный | Black), от 83 990 ₽, 115 990
5, //images.biggeek.ru/1/435/784b/22652-687Grey.jpg, Apple iPhone 15 128GB (Чёрный | Black), от 76 990 ₽, 99 990
5, //images.biggeek.ru/1/435/d9c0/18508-447Gold.jpg, Apple iPhone 14 Pro Max 256GB (Золотой | Gold), от 111 990 ₽, 139 990
5, //images.biggeek.ru/1/435/0114/18492-864Gold.jpg, Apple iPhone 14 Pro 256GB (Золотой | Gold), от 103 990 ₽, 129 990
5, //images.biggeek.ru/1/435/5d11/18476-163Blue.jpg, Apple iPhone 14 Plus 256GB (Синий | Blue), от 89 990 ₽, 
5, //images.biggeek.ru/1/435/f297/18461-714Blue.jpg, Apple iPhone 14 256GB (Синий | Blue), от 82 990 ₽, 
5, //images.biggeek.ru/1/435/7657/16275-263Starlight.jpg, Apple iPhone SE (2022) 128GB («Сияющая звезда» | Starlight), 47 990 ₽, 
5, //images.biggeek.ru/1/435/6f90/14728-473Silver.jpg, Apple iPhone 13 Pro Max 256GB (Серебристый | Silver), 118 990 ₽, 139 990
5, //images.biggeek.ru/1/435/43cd/14712-216Silver.jpg, Apple iPhone 13 Pro 256GB (Серебристый | Silver), 110 990 ₽, 112 990
5, //images.biggeek.ru/1/435/aadd/14696-103Red.jpg, Apple iPhone 13 128GB (PRODUCT)RED, 62 990 ₽, 67 990
5, //images.biggeek.ru/1/435/f44b/14682-72Pink.jpg, Apple iPhone 13 mini 256GB (Розовый | Pink), 75 990 ₽, 77 990
5, //images.biggeek.ru/1/435/8ac3/12431-196photo_2020-10-21 15.13.13.jpeg, Apple iPhone 12 64GB (PRODUCT)RED, 49 990 ₽, 
5, //images.biggeek.ru/1/435/e72d/12416-13212426-698bigeek_image7.jpeg, Apple iPhone 12 mini 64GB (PRODUCT)RED, 52 990 ₽, 
5, //images.biggeek.ru/1/435/4512/11344-658red.jpeg, Apple iPhone SE (2020) 128GB (PRODUCT)RED, 35 490 ₽, 41 990
5, //images.biggeek.ru/1/435/683e/9924-498bigeek_image8.jpeg, Apple iPhone 11 256GB (Белый | White), 59 990 ₽, 
5, //images.biggeek.ru/1/435/5044/22699-862t_blue.jpg, Apple iPhone 15 Pro Max 256GB («Синий титан» | Blue Titanium), от 126 990 ₽, 170 990
5, //images.biggeek.ru/1/435/df03/22683-484t_blue.jpg, Apple iPhone 15 Pro 256GB («Синий титан» | Blue Titanium), от 117 990 ₽, 152 990
5, //images.biggeek.ru/1/435/72db/22668-846Blue.jpg, Apple iPhone 15 Plus 256GB (Голубой | Blue), от 99 990 ₽, 
5, //images.biggeek.ru/1/435/b59e/22653-7Blue.jpg, Apple iPhone 15 256GB (Голубой | Blue), от 89 990 ₽, 117 990
5, //images.biggeek.ru/1/435/5948/18509-75Silver.jpg, Apple iPhone 14 Pro Max 256GB (Серебристый | Silver), от 122 990 ₽, 134 990
5, //images.biggeek.ru/1/435/0eea/18493-987Silver.jpg, Apple iPhone 14 Pro 256GB (Серебристый | Silver), от 106 990 ₽, 130 990
6, //images.biggeek.ru/1/435/ade5/18477-176Purple.jpg, Apple iPhone 14 Plus 256GB (Фиолетовый | Purple), от 90 990 ₽, 
6, //images.biggeek.ru/1/435/6f48/18462-309Purple.jpg, Apple iPhone 14 256GB (Фиолетовый | Purple), от 81 990 ₽, 
6, //images.biggeek.ru/1/435/962c/16276-779Productred.jpg, Apple iPhone SE (2022) 128GB (PRODUCT)RED, 47 990 ₽, 51 990
6, //images.biggeek.ru/1/435/ab4b/14729-130Gold.jpg, Apple iPhone 13 Pro Max 256GB (Золотой | Gold), 118 990 ₽, 
6, //images.biggeek.ru/1/435/4f3e/14713-741Gold.jpg, Apple iPhone 13 Pro 256GB (Золотой | Gold), 110 990 ₽, 112 990
6, //images.biggeek.ru/1/435/11bf/14697-47Pink.jpg, Apple iPhone 13 256GB (Розовый | Pink), 71 990 ₽, 79 990
6, //images.biggeek.ru/1/435/e13d/14683-633Blue.jpg, Apple iPhone 13 mini 256GB (Синий | Blue), 75 990 ₽, 
6, //images.biggeek.ru/1/435/bb8d/12432-42photo_2020-10-21 15.13.09.jpeg, Apple iPhone 12 128GB (Чёрный | Black), 50 990 ₽, 62 990
6, //images.biggeek.ru/1/435/e828/12417-268bigeek_image6.jpeg, Apple iPhone 12 mini 128GB (Чёрный | Black), 58 990 ₽, 
6, //images.biggeek.ru/1/435/99eb/11346-77black.jpeg, Apple iPhone SE (2020) 256GB (Чёрный | Black), 40 990 ₽, 51 990
6, //images.biggeek.ru/1/435/bb3d/9917-406bigeek_image7.jpeg, Apple iPhone 11 64GB (PRODUCT)RED, 48 490 ₽, 
6, //images.biggeek.ru/1/435/6cfc/22700-539t_white.jpg, Apple iPhone 15 Pro Max 256GB («Белый титан» | White Titanium), от 126 990 ₽, 174 990
6, //images.biggeek.ru/1/435/b151/22684-958t_white.jpg, Apple iPhone 15 Pro 256GB («Белый титан» | White Titanium), от 117 990 ₽, 152 990
6, //images.biggeek.ru/1/435/98c7/22669-425Pink.jpg, Apple iPhone 15 Plus 256GB (Розовый | Pink), от 99 990 ₽, 131 990
6, //images.biggeek.ru/1/435/2dc3/22654-453Pink.jpg, Apple iPhone 15 256GB (Розовый | Pink), от 88 990 ₽, 117 990
6, //images.biggeek.ru/1/435/af97/18510-375Spaceblack.jpg, Apple iPhone 14 Pro Max 256GB («Чёрный космос» | Space Black), от 110 990 ₽, 141 990
6, //images.biggeek.ru/1/435/c03c/18494-200Spaceblack.jpg, Apple iPhone 14 Pro 256GB («Чёрный космос» | Space Black), от 105 990 ₽, 126 990
6, //images.biggeek.ru/1/435/0488/18479-256Midnight.jpg, Apple iPhone 14 Plus 256GB («Тёмная ночь» | Midnight), от 87 990 ₽, 95 990
6, //images.biggeek.ru/1/435/9d20/18463-335Midnight.jpg, Apple iPhone 14 256GB («Тёмная ночь» | Midnight), от 79 990 ₽, 97 990
6, //images.biggeek.ru/1/435/9b2d/17173-83816271-683Midnight.jpeg, Apple iPhone SE (2022) 256GB («Тёмная ночь» | Midnight), 60 990 ₽, 
6, //images.biggeek.ru/1/435/264a/14730-555Space.jpg, Apple iPhone 13 Pro Max 256GB (Графитовый | Graphite), 118 990 ₽, 
6, //images.biggeek.ru/1/435/d4de/14714-20Space.jpg, Apple iPhone 13 Pro 256GB (Графитовый | Graphite), 110 990 ₽, 
6, //images.biggeek.ru/1/435/3848/14698-363Blue.jpg, Apple iPhone 13 256GB (Синий | Blue), 73 990 ₽, 86 990
6, //images.biggeek.ru/1/435/dc3e/14684-327Midnight.jpg, Apple iPhone 13 mini 256GB («Тёмная ночь» | Midnight), 75 990 ₽, 
7, //images.biggeek.ru/1/435/95d7/12433-738photo_2020-10-21 15.13.04.jpeg, Apple iPhone 12 128GB (Белый | White), 50 990 ₽, 63 990
7, //images.biggeek.ru/1/435/ea32/12418-186bigeek_image4.jpeg, Apple iPhone 12 mini 128GB (Белый | White), 58 990 ₽, 
7, //images.biggeek.ru/1/435/a0ea/11345-887white.jpeg, Apple iPhone SE (2020) 256GB (Белый | White), 40 990 ₽, 44 990
7, //images.biggeek.ru/1/435/2683/9923-505bigeek_image7.jpeg, Apple iPhone 11 128GB (PRODUCT)RED, 55 990 ₽, 
7, //images.biggeek.ru/1/435/5da0/22701-878t_black.jpg, Apple iPhone 15 Pro Max 256GB («Чёрный титан» | Black Titanium), от 126 990 ₽, 174 990
7, //images.biggeek.ru/1/435/a019/22685-142t_black.jpg, Apple iPhone 15 Pro 256GB («Чёрный титан» | Black Titanium), от 117 990 ₽, 151 990
7, //images.biggeek.ru/1/435/e3f9/22670-769Yellow.jpg, Apple iPhone 15 Plus 256GB (Жёлтый | Yellow), от 99 990 ₽, 
7, //images.biggeek.ru/1/435/8cfb/22655-732Yellow.jpg, Apple iPhone 15 256GB (Жёлтый | Yellow), от 95 990 ₽, 97 990
7, //images.biggeek.ru/1/435/4ac3/18511-764Deeppurple.jpg, Apple iPhone 14 Pro Max 512GB (Тёмно-фиолетовый | Deep Purple), от 138 990 ₽, 169 990
7, //images.biggeek.ru/1/435/467d/18495-954Deeppurple.jpg, Apple iPhone 14 Pro 512GB (Тёмно-фиолетовый | Deep Purple), от 115 990 ₽, 143 990
7, //images.biggeek.ru/1/435/11aa/18480-974Starlight.jpg, Apple iPhone 14 Plus 256GB («Сияющая звезда» | Starlight), от 93 990 ₽, 
7, //images.biggeek.ru/1/435/ffb1/18464-212Starlight.jpg, Apple iPhone 14 256GB («Сияющая звезда» | Starlight), от 78 990 ₽, 
7, //images.biggeek.ru/1/435/d974/17174-37716272-14Starlight.jpeg, Apple iPhone SE (2022) 256GB («Сияющая звезда» | Starlight), 58 990 ₽, 
7, //images.biggeek.ru/1/435/5b4d/14731-283Blue.jpg, Apple iPhone 13 Pro Max 512GB (Небесно-голубой | Sierra Blue), 121 990 ₽, 142 990
7, //images.biggeek.ru/1/435/046f/14715-875BLue.jpg, Apple iPhone 13 Pro 512GB (Небесно-голубой | Sierra Blue), 122 990 ₽, 137 990
7, //images.biggeek.ru/1/435/e940/14699-439Midnight.jpg, Apple iPhone 13 256GB («Тёмная ночь» | Midnight), 73 990 ₽, 
7, //images.biggeek.ru/1/435/0f45/14685-862Starlight.jpg, Apple iPhone 13 mini 256GB («Сияющая звезда» | Starlight), 75 990 ₽, 
7, //images.biggeek.ru/1/435/9c00/12434-518photo_2020-10-21 15.13.21.jpeg, Apple iPhone 12 128GB (Синий | Blue), 53 990 ₽, 62 990
7, //images.biggeek.ru/1/435/cb3d/12419-684bigeek_image3.jpeg, Apple iPhone 12 mini 128GB (Синий | Blue), 58 990 ₽, 
7, //images.biggeek.ru/1/435/efa1/11347-932red.jpeg, Apple iPhone SE (2020) 256GB (PRODUCT)RED, 40 990 ₽, 44 990
7, //images.biggeek.ru/1/435/be9a/9929-466bigeek_image7.jpeg, Apple iPhone 11 256GB (PRODUCT) RED, 59 990 ₽, 
7, //images.biggeek.ru/1/435/638c/22702-739t_natural.jpg, Apple iPhone 15 Pro Max 512GB («Натуральный титан» | Natural Titanium), от 159 990 ₽, 207 990
7, //images.biggeek.ru/1/435/4632/22686-170t_natural.jpg, Apple iPhone 15 Pro 512GB («Натуральный титан» | Natural Titanium), от 147 990 ₽, 191 990
7, //images.biggeek.ru/1/435/8061/22671-38Green.jpg, Apple iPhone 15 Plus 256GB (Зелёный | Green), от 99 990 ₽, 
8, //images.biggeek.ru/1/435/2675/22656-258Green.jpg, Apple iPhone 15 256GB (Зелёный | Green), от 86 990 ₽, 117 990
8, //images.biggeek.ru/1/435/68c9/18512-12Gold.jpg, Apple iPhone 14 Pro Max 512GB (Золотой | Gold), от 133 990 ₽, 169 990
8, //images.biggeek.ru/1/435/0d15/18496-892Gold.jpg, Apple iPhone 14 Pro 512GB (Золотой | Gold), от 116 990 ₽, 142 990
8, //images.biggeek.ru/1/435/62fc/18481-867Red.jpg, Apple iPhone 14 Plus 256GB (PRODUCT)RED, от 93 990 ₽, 
8, //images.biggeek.ru/1/435/1585/18465-76Red.jpg, Apple iPhone 14 256GB (PRODUCT)RED, от 76 990 ₽, 
8, //images.biggeek.ru/1/435/81d9/17175-36916273-40Productred.jpeg, Apple iPhone SE (2022) 256GB (PRODUCT)RED, 58 990 ₽, 
8, //images.biggeek.ru/1/435/1450/14732-940Silver.jpg, Apple iPhone 13 Pro Max 512GB (Серебристый | Silver), 121 990 ₽, 142 990
8, //images.biggeek.ru/1/435/a7ae/14716-205Silver.jpg, Apple iPhone 13 Pro 512GB (Серебристый | Silver), 122 990 ₽, 137 990
8, //images.biggeek.ru/1/435/1d05/14700-355Starlight.jpg, Apple iPhone 13 256GB («Сияющая звезда» | Starlight), 73 990 ₽, 86 990
8, //images.biggeek.ru/1/435/6f8d/14686-88Red.jpg, Apple iPhone 13 mini 256GB (PRODUCT)RED, 75 990 ₽, 
8, //images.biggeek.ru/1/435/3c7d/12435-527photo_2020-10-21 15.13.17.jpeg, Apple iPhone 12 128GB (Зелёный | Green), 50 990 ₽, 54 490
8, //images.biggeek.ru/1/435/6fa7/12420-207bigeek_image5.jpeg, Apple iPhone 12 mini 128GB (Зелёный | Green), 58 990 ₽, 
8, //images.biggeek.ru/1/435/cdef/9916-706bigeek_image5.jpeg, Apple iPhone 11 64GB (Фиолетовый | Purple), 48 490 ₽, 
8, //images.biggeek.ru/1/435/d1ae/22703-263t_blue.jpg, Apple iPhone 15 Pro Max 512GB («Синий титан» | Blue Titanium), от 159 990 ₽, 195 990
8, //images.biggeek.ru/1/435/6ce4/22687-351t_blue.jpg, Apple iPhone 15 Pro 512GB («Синий титан» | Blue Titanium), от 147 990 ₽, 173 990
8, //images.biggeek.ru/1/435/67e4/22672-184Grey.jpg, Apple iPhone 15 Plus 256GB (Чёрный | Black), от 99 990 ₽, 131 990
8, //images.biggeek.ru/1/435/6703/22657-682Grey.jpg, Apple iPhone 15 256GB (Чёрный | Black), от 95 990 ₽, 117 990
8, //images.biggeek.ru/1/435/48b5/18513-509Silver.jpg, Apple iPhone 14 Pro Max 512GB (Серебристый | Silver), от 132 990 ₽, 169 990
8, //images.biggeek.ru/1/435/e72b/18497-43Silver.jpg, Apple iPhone 14 Pro 512GB (Серебристый | Silver), от 119 990 ₽, 140 990
8, //images.biggeek.ru/1/435/425e/18482-241Blue.jpg, Apple iPhone 14 Plus 512GB (Синий | Blue), от 103 990 ₽, 
8, //images.biggeek.ru/1/435/395f/18466-683Blue.jpg, Apple iPhone 14 512GB (Синий | Blue), от 84 990 ₽, 103 990
8, //images.biggeek.ru/1/435/0243/14733-337Gold.jpg, Apple iPhone 13 Pro Max 512GB (Золотой | Gold), 121 990 ₽, 142 990
8, //images.biggeek.ru/1/435/e8f4/14717-349Gold.jpg, Apple iPhone 13 Pro 512GB (Золотой | Gold), 122 990 ₽, 137 990
8, //images.biggeek.ru/1/435/b08c/14701-221Red.jpg, Apple iPhone 13 256GB (PRODUCT)RED, 73 990 ₽, 86 990
9, //images.biggeek.ru/1/435/4df2/14687-132Pink.jpg, Apple iPhone 13 mini 512GB (Розовый | Pink), 82 990 ₽, 97 990
9, //images.biggeek.ru/1/435/5e18/12436-567photo_2020-10-21 15.13.13.jpeg, Apple iPhone 12 128GB (PRODUCT)RED, 53 990 ₽, 
9, //images.biggeek.ru/1/435/4179/12421-46212426-698bigeek_image7.jpeg, Apple iPhone 12 mini 128GB (PRODUCT)RED, 58 990 ₽, 
9, //images.biggeek.ru/1/435/8c3d/9922-495bigeek_image5.jpeg, Apple iPhone 11 128GB (Фиолетовый | Purple), 55 990 ₽, 
9, //images.biggeek.ru/1/435/50cd/22704-784t_white.jpg, Apple iPhone 15 Pro Max 512GB («Белый титан» | White Titanium), от 159 990 ₽, 199 990
9, //images.biggeek.ru/1/435/eef0/22688-447t_white.jpg, Apple iPhone 15 Pro 512GB («Белый титан» | White Titanium), от 145 990 ₽, 181 990
9, //images.biggeek.ru/1/435/5d52/22673-555Blue.jpg, Apple iPhone 15 Plus 512GB (Голубой | Blue), от 114 990 ₽, 138 990
9, //images.biggeek.ru/1/435/4309/22658-633Blue.jpg, Apple iPhone 15 512GB (Голубой | Blue), от 109 990 ₽, 120 990
9, //images.biggeek.ru/1/435/e0c7/18514-943Spaceblack.jpg, Apple iPhone 14 Pro Max 512GB («Чёрный космос» | Space Black), от 129 990 ₽, 169 990
9, //images.biggeek.ru/1/435/9a18/18498-356Spaceblack.jpg, Apple iPhone 14 Pro 512GB («Чёрный космос» | Space Black), от 115 990 ₽, 144 990
9, //images.biggeek.ru/1/435/098d/18483-451Purple.jpg, Apple iPhone 14 Plus 512GB (Фиолетовый | Purple), от 103 990 ₽, 
9, //images.biggeek.ru/1/435/7eee/18467-944Purple.jpg, Apple iPhone 14 512GB (Фиолетовый | Purple), 94 990 ₽, 
9, //images.biggeek.ru/1/435/e73e/14734-688Space.jpg, Apple iPhone 13 Pro Max 512GB (Графитовый | Graphite), 121 990 ₽, 142 990
9, //images.biggeek.ru/1/435/ad9e/14718-335Space.jpg, Apple iPhone 13 Pro 512GB (Графитовый | Graphite), 122 990 ₽, 137 990
9, //images.biggeek.ru/1/435/3921/14702-94Pink.jpg, Apple iPhone 13 512GB (Розовый | Pink), 87 990 ₽, 107 990
9, //images.biggeek.ru/1/435/7be4/14688-699Blue.jpg, Apple iPhone 13 mini 512GB (Синий | Blue), 82 990 ₽, 97 990
9, //images.biggeek.ru/1/435/4a05/12437-685photo_2020-10-21 15.13.09.jpeg, Apple iPhone 12 256GB (Чёрный | Black), 69 490 ₽, 89 990
9, //images.biggeek.ru/1/435/ccf7/12422-810bigeek_image6.jpeg, Apple iPhone 12 mini 256GB (Чёрный | Black), 61 990 ₽, 
9, //images.biggeek.ru/1/435/68b3/9928-259bigeek_image5.jpeg, Apple iPhone 11 256GB (Фиолетовый | Purple), 59 990 ₽, 
9, //images.biggeek.ru/1/435/62a9/22705-623t_black.jpg, Apple iPhone 15 Pro Max 512GB («Чёрный титан» | Black Titanium), от 159 990 ₽, 190 990
9, //images.biggeek.ru/1/435/58ef/22689-881t_black.jpg, Apple iPhone 15 Pro 512GB («Чёрный титан» | Black Titanium), от 147 990 ₽, 181 990
9, //images.biggeek.ru/1/435/27c1/22674-495Pink.jpg, Apple iPhone 15 Plus 512GB (Розовый | Pink), 127 990 ₽, 138 990
9, //images.biggeek.ru/1/435/1425/22659-567Pink.jpg, Apple iPhone 15 512GB (Розовый | Pink), от 114 990 ₽, 120 990
9, //images.biggeek.ru/1/435/280d/18515-501Deeppurple.jpg, Apple iPhone 14 Pro Max 1TB (Тёмно-фиолетовый | Deep Purple), от 134 990 ₽, 174 990
10, //images.biggeek.ru/1/435/cfc2/18499-548Deeppurple.jpg, Apple iPhone 14 Pro 1TB (Тёмно-фиолетовый | Deep Purple), от 125 990 ₽, 158 990
10, //images.biggeek.ru/1/435/89b4/18484-920Midnight.jpg, Apple iPhone 14 Plus 512GB («Тёмная ночь» | Midnight), от 103 990 ₽, 
10, //images.biggeek.ru/1/435/78ee/18468-854Midnight.jpg, Apple iPhone 14 512GB («Тёмная ночь» | Midnight), 94 990 ₽, 
10, //images.biggeek.ru/1/435/5b21/14735-775Silver.jpg, Apple iPhone 13 Pro Max 1TB (Серебристый | Silver), 139 990 ₽, 159 990
10, //images.biggeek.ru/1/435/c276/14719-469BLue.jpg, Apple iPhone 13 Pro 1TB (Небесно-голубой | Sierra Blue), 125 990 ₽, 148 990
10, //images.biggeek.ru/1/435/90a0/14703-621Blue.jpg, Apple iPhone 13 512GB (Синий | Blue), 87 990 ₽, 107 990
10, //images.biggeek.ru/1/435/21d7/14689-252Midnight.jpg, Apple iPhone 13 mini 512GB («Тёмная ночь» | Midnight), 83 990 ₽, 97 990
10, //images.biggeek.ru/1/435/7266/12438-762photo_2020-10-21 15.13.04.jpeg, Apple iPhone 12 256GB (Белый | White), 69 490 ₽, 89 990
10, //images.biggeek.ru/1/435/3da3/12423-760bigeek_image4.jpeg, Apple iPhone 12 mini 256GB (Белый | White), 61 990 ₽, 
10, //images.biggeek.ru/1/435/082f/9914-403bigeek_image3.jpeg, Apple iPhone 11 64GB (Зелёный | Green), 48 490 ₽, 
10, //images.biggeek.ru/1/435/0701/22706-612t_natural.jpg, Apple iPhone 15 Pro Max 1TB («Натуральный титан» | Natural Titanium), от 177 990 ₽, 245 990
10, //images.biggeek.ru/1/435/6d81/22690-345t_natural.jpg, Apple iPhone 15 Pro 1TB («Натуральный титан» | Natural Titanium), от 169 990 ₽, 204 990
10, //images.biggeek.ru/1/435/0e99/22675-642Yellow.jpg, Apple iPhone 15 Plus 512GB (Жёлтый | Yellow), от 119 990 ₽, 
10, //images.biggeek.ru/1/435/43b4/22660-472Yellow.jpg, Apple iPhone 15 512GB (Жёлтый | Yellow), от 109 990 ₽, 120 990
10, //images.biggeek.ru/1/435/9793/18516-592Gold.jpg, Apple iPhone 14 Pro Max 1TB (Золотой | Gold), от 138 990 ₽, 169 990
10, //images.biggeek.ru/1/435/6bb1/18500-543Gold.jpg, Apple iPhone 14 Pro 1TB (Золотой | Gold), от 126 990 ₽, 157 990
10, //images.biggeek.ru/1/435/ee4b/18485-703Starlight.jpg, Apple iPhone 14 Plus 512GB («Сияющая звезда» | Starlight), от 103 990 ₽, 
10, //images.biggeek.ru/1/435/fdcf/18469-847Starlight.jpg, Apple iPhone 14 512GB («Сияющая звезда» | Starlight), 94 990 ₽, 
10, //images.biggeek.ru/1/435/5c3a/14736-369Blue.jpg, Apple iPhone 13 Pro Max 1TB (Небесно-голубой | Sierra Blue), 139 990 ₽, 159 990
10, //images.biggeek.ru/1/435/8c73/14720-397Silver.jpg, Apple iPhone 13 Pro 1TB (Серебристый | Silver), 125 990 ₽, 148 990
10, //images.biggeek.ru/1/435/c75f/14704-12Midnight.jpg, Apple iPhone 13 512GB («Тёмная ночь» | Midnight), 87 990 ₽, 107 990
10, //images.biggeek.ru/1/435/7a18/14690-570Starlight.jpg, Apple iPhone 13 mini 512GB («Сияющая звезда» | Starlight), 83 990 ₽, 97 990
10, //images.biggeek.ru/1/435/17c4/12439-749photo_2020-10-21 15.13.21.jpeg, Apple iPhone 12 256GB (Синий | Blue), 69 490 ₽, 89 990
10, //images.biggeek.ru/1/435/ece2/12424-774bigeek_image3.jpeg, Apple iPhone 12 mini 256GB (Синий | Blue), 61 990 ₽, 
11, //images.biggeek.ru/1/435/6cd6/9920-636bigeek_image3.jpeg, Apple iPhone 11 128GB (Зелёный | Green), 55 990 ₽, 
11, //images.biggeek.ru/1/435/5250/22707-247t_blue.jpg, Apple iPhone 15 Pro Max 1TB («Синий титан» | Blue Titanium), от 177 990 ₽, 226 990
11, //images.biggeek.ru/1/435/80c3/22691-212t_blue.jpg, Apple iPhone 15 Pro 1TB («Синий титан» | Blue Titanium), от 159 990 ₽, 184 990
11, //images.biggeek.ru/1/435/97ad/22676-213Green.jpg, Apple iPhone 15 Plus 512GB (Зелёный | Green), 127 990 ₽, 
11, //images.biggeek.ru/1/435/9c2d/22661-264Green.jpg, Apple iPhone 15 512GB (Зелёный | Green), от 114 990 ₽, 120 990
11, //images.biggeek.ru/1/435/2c45/18517-217Silver.jpg, Apple iPhone 14 Pro Max 1TB (Серебристый | Silver), от 134 990 ₽, 174 990
11, //images.biggeek.ru/1/435/2a88/18501-858Silver.jpg, Apple iPhone 14 Pro 1TB (Серебристый | Silver), от 122 990 ₽, 155 990
11, //images.biggeek.ru/1/435/b90c/18486-878Red.jpg, Apple iPhone 14 Plus 512GB (PRODUCT)RED, 103 990 ₽, 
11, //images.biggeek.ru/1/435/cc0d/18470-962Red.jpg, Apple iPhone 14 512GB (PRODUCT)RED, 94 990 ₽, 
11, //images.biggeek.ru/1/435/e1a9/14737-836Gold.jpg, Apple iPhone 13 Pro Max 1TB (Золотой | Gold), 139 990 ₽, 159 990
11, //images.biggeek.ru/1/435/dab2/14721-615Gold.jpg, Apple iPhone 13 Pro 1TB (Золотой | Gold), 125 990 ₽, 148 990
11, //images.biggeek.ru/1/435/1475/14705-167Starlight.jpg, Apple iPhone 13 512GB («Сияющая звезда» | Starlight), 87 990 ₽, 107 990
11, //images.biggeek.ru/1/435/42e0/14691-227Red.jpg, Apple iPhone 13 mini 512GB (PRODUCT)RED, 86 990 ₽, 97 990
11, //images.biggeek.ru/1/435/246d/12440-254photo_2020-10-21 15.13.17.jpeg, Apple iPhone 12 256GB (Зелёный | Green), 69 490 ₽, 89 990
11, //images.biggeek.ru/1/435/b1a9/12425-96bigeek_image5.jpeg, Apple iPhone 12 mini 256GB (Зелёный | Green), 61 990 ₽, 
11, //images.biggeek.ru/1/435/9bfd/9926-720bigeek_image3.jpeg, Apple iPhone 11 256GB (Зелёный | Green), 59 990 ₽, 
11, //images.biggeek.ru/1/435/2983/22708-822t_white.jpg, Apple iPhone 15 Pro Max 1TB («Белый титан» | White Titanium), от 177 990 ₽, 245 990
11, //images.biggeek.ru/1/435/dd2d/22692-670t_white.jpg, Apple iPhone 15 Pro 1TB («Белый титан» | White Titanium), от 169 990 ₽, 200 990
11, //images.biggeek.ru/1/435/053d/22677-335Grey.jpg, Apple iPhone 15 Plus 512GB (Чёрный | Black), от 109 990 ₽, 138 990
11, //images.biggeek.ru/1/435/a8fb/22662-661Grey.jpg, Apple iPhone 15 512GB (Чёрный | Black), от 109 990 ₽, 120 990
11, //images.biggeek.ru/1/435/9616/20697-49314_Plus_Yellow.jpg, Apple iPhone 14 Plus 128GB (Жёлтый | Yellow), от 72 990 ₽, 91 990
11, //images.biggeek.ru/1/435/bcc9/20694-93714_Yellow.jpg, Apple iPhone 14 128GB (Жёлтый | Yellow), от 62 990 ₽, 80 990
11, //images.biggeek.ru/1/435/87c1/18519-597Spaceblack.jpg, Apple iPhone 14 Pro Max 1TB («Чёрный космос» | Space Black), от 128 990 ₽, 174 990
11, //images.biggeek.ru/1/435/1d1c/18502-773Spaceblack.jpg, Apple iPhone 14 Pro 1TB («Чёрный космос» | Space Black), от 124 990 ₽, 158 990
12, //images.biggeek.ru/1/435/db90/16265-84413_green.jpg, Apple iPhone 13 mini 128GB (Зелёный | Green), 72 990 ₽, 79 990
12, //images.biggeek.ru/1/435/0bc2/14738-677Space.jpg, Apple iPhone 13 Pro Max 1TB (Графитовый | Graphite), 139 990 ₽, 159 990
12, //images.biggeek.ru/1/435/a73e/14722-779Space.jpg, Apple iPhone 13 Pro 1TB (Графитовый | Graphite), 125 990 ₽, 148 990
12, //images.biggeek.ru/1/435/0309/14706-242Red.jpg, Apple iPhone 13 512GB (PRODUCT)RED, 87 990 ₽, 107 990
12, //images.biggeek.ru/1/435/001b/12441-229photo_2020-10-21 15.13.13.jpeg, Apple iPhone 12 256GB (PRODUCT)RED, 69 490 ₽, 89 990
12, //images.biggeek.ru/1/435/0e8e/12426-31512426-698bigeek_image7.jpeg, Apple iPhone 12 mini 256GB (PRODUCT)RED, 61 990 ₽, 
12, //images.biggeek.ru/1/435/4509/9915-840bigeek_image6.jpeg, Apple iPhone 11 64GB (Жёлтый | Yellow), 48 490 ₽, 
12, //images.biggeek.ru/1/435/b8a7/22709-32t_black.jpg, Apple iPhone 15 Pro Max 1TB («Чёрный титан» | Black Titanium), от 177 990 ₽, 243 990
12, //images.biggeek.ru/1/435/7dcb/22693-452t_black.jpg, Apple iPhone 15 Pro 1TB («Чёрный титан» | Black Titanium), от 159 990 ₽, 191 990
12, //images.biggeek.ru/1/435/191f/20698-77014_Plus_Yellow.jpg, Apple iPhone 14 Plus 256GB (Жёлтый | Yellow), 95 990 ₽, 
12, //images.biggeek.ru/1/435/9fcd/20695-43314_Yellow.jpg, Apple iPhone 14 256GB (Жёлтый | Yellow), от 78 990 ₽, 91 990
12, //images.biggeek.ru/1/435/ecda/16266-54413_green.jpg, Apple iPhone 13 mini 256GB (Зелёный | Green), 75 990 ₽, 
12, //images.biggeek.ru/1/435/226e/13824-39512_mini_lilac.jpg, Apple iPhone 12 mini 64GB (Фиолетовый | Purple), 52 990 ₽, 
12, //images.biggeek.ru/1/435/fea0/9921-44bigeek_image6.jpeg, Apple iPhone 11 128GB (Жёлтый | Yellow), 55 990 ₽, 
12, //images.biggeek.ru/1/435/7db2/20699-74114_Plus_Yellow.jpg, Apple iPhone 14 Plus 512GB (Жёлтый | Yellow), от 103 990 ₽, 
12, //images.biggeek.ru/1/435/1fd5/20696-15614_Yellow.jpg, Apple iPhone 14 512GB (Жёлтый | Yellow), 94 990 ₽, 
12, //images.biggeek.ru/1/435/64de/16267-69313_green.jpg, Apple iPhone 13 mini 512GB (Зелёный | Green), 86 990 ₽, 97 990
12, //images.biggeek.ru/1/435/0020/13825-76412_mini_lilac.jpg, Apple iPhone 12 mini 128GB (Фиолетовый | Purple), 58 990 ₽, 
12, //images.biggeek.ru/1/435/df2e/9927-452bigeek_image6.jpeg, Apple iPhone 11 256GB (Жёлтый | Yellow), 59 990 ₽, 
12, //images.biggeek.ru/1/435/aebf/13826-70612_mini_lilac.jpg, Apple iPhone 12 mini 256GB (Фиолетовый | Purple), 61 990 ₽, 
12, //images.biggeek.ru/1/435/b358/12645-46412434-518photo_2020-10-21 15.13.21.jpeg, Apple iPhone 12 256GB (Синий | Blue) - Dual SIM, 57 990 ₽, 61 990
12, //images.biggeek.ru/1/435/6a21/12647-34612430-862photo_2020-10-21 15.13.17.jpeg, Apple iPhone 12 256GB (Зелёный | Green) - Dual SIM, 57 990 ₽, 61 990
12, //images.biggeek.ru/1/435/9453/12646-23812431-196photo_2020-10-21 15.13.13.jpeg, Apple iPhone 12 256GB (PRODUCT)RED - Dual SIM, 58 990 ₽, 61 990
12, //images.biggeek.ru/1/435/8a1d/12644-72112438-762photo_2020-10-21 15.13.04.jpeg, Apple iPhone 12 256GB (Белый | White) - Dual SIM, 58 990 ₽, 61 990
